id,pubyear,journal,notjournal,english,crosssection,panelfe,panelnofe,iv,entretype1,entretype2,entretype3,entreother,fdigdp,fdilog,fdiother,lagdv,busenviron,tstat1,df,mixedcountry,nonoecd,oecd,pcc,sepcc
1,2006,0,1,1,1,0,0,0,0,0,1,0,1,0,0,0,0,.2555321683175267,31,1,0,0,.045846675,.17941645
1,2006,0,1,1,1,0,0,0,0,0,1,0,1,0,0,0,0,-.500424739338616,31,1,0,0,-.089518093,.17888422
2,2006,0,1,1,0,0,1,0,0,0,1,0,0,0,1,0,0,.02,107,1,0,0,.0019334693,.096673466
2,2006,0,1,1,0,0,1,0,0,1,0,0,0,0,1,0,0,.3,107,1,0,0,.028989905,.096633017
2,2006,0,1,1,0,0,1,0,1,0,0,0,0,0,1,0,0,1.7,106,1,0,0,.1629127,.095830999
3,2006,0,1,1,0,0,1,0,1,0,0,0,0,0,1,0,0,.8,78,1,0,0,.090212815,.11276602
3,2006,0,1,1,0,0,1,0,1,0,0,0,0,0,1,0,0,1.6,78,1,0,0,.17826261,.11141413
4,2009,1,0,1,0,0,1,0,0,0,1,0,0,0,1,0,1,-1.126,73,1,0,0,-.13065857,.1160378
4,2009,1,0,1,0,0,1,0,0,0,1,0,0,0,1,0,1,-1.786,68,1,0,0,-.21167646,.11851986
4,2009,1,0,1,0,0,1,0,0,0,1,0,0,0,1,0,1,-.747,73,1,0,0,-.087097488,.11659636
4,2009,1,0,1,0,0,1,0,0,0,1,0,0,0,1,0,1,-1.104,68,1,0,0,-.13269575,.12019542
5,2011,0,1,1,0,1,0,1,0,0,1,0,1,0,0,1,1,1.01,313,1,0,0,.056995772,.056431457
5,2011,0,1,1,0,1,0,1,0,0,1,0,1,0,0,1,1,.98,313,1,0,0,.055308089,.056436822
5,2011,0,1,1,0,1,0,1,0,0,1,0,1,0,0,1,1,1.01,313,1,0,0,.056995772,.056431457
5,2011,0,1,1,0,1,0,1,0,0,1,0,1,0,0,1,1,-.31,313,1,0,0,-.017519547,.056514665
5,2011,0,1,1,0,1,0,1,0,0,1,0,1,0,0,1,1,1,313,1,0,0,.056433264,.056433264
5,2011,0,1,1,0,1,0,1,0,0,1,0,1,0,0,1,1,.92,313,1,0,0,.051931307,.056447074
5,2011,0,1,1,0,1,0,1,0,0,1,0,1,0,0,1,1,.88,61,0,1,0,.111964,.12723182
5,2011,0,1,1,0,1,0,1,0,0,1,0,1,0,0,1,1,.8100000000000001,61,0,1,0,.1031566,.12735382
5,2011,0,1,1,0,1,0,1,0,0,1,0,1,0,0,1,1,.75,61,0,1,0,.095587946,.1274506
5,2011,0,1,1,0,1,0,1,0,0,1,0,1,0,0,1,1,.88,61,0,1,0,.111964,.12723182
5,2011,0,1,1,0,1,0,1,0,0,1,0,1,0,0,1,1,1.41,61,0,1,0,.17766008,.12600006
5,2011,0,1,1,0,1,0,1,0,0,1,0,1,0,0,1,1,.8100000000000001,61,0,1,0,.1031566,.12735382
5,2011,0,1,1,0,1,0,1,0,0,1,0,1,0,0,1,1,2.48,177,1,0,0,.18325159,.073891766
5,2011,0,1,1,0,1,0,1,0,0,1,0,1,0,0,1,1,2.41,177,1,0,0,.17824581,.073960915
5,2011,0,1,1,0,1,0,1,0,0,1,0,1,0,0,1,1,2.63,177,1,0,0,.19392997,.073737629
5,2011,0,1,1,0,1,0,1,0,0,1,0,1,0,0,1,1,2.19,177,1,0,0,.16242461,.074166492
5,2011,0,1,1,0,1,0,1,0,0,1,0,1,0,0,1,1,2.76,177,1,0,0,.20312928,.073597565
5,2011,0,1,1,0,1,0,1,0,0,1,0,1,0,0,1,1,2.62,177,1,0,0,.19322017,.073748156
5,2011,0,1,1,0,1,0,1,0,0,1,0,1,0,0,1,1,.72,109,1,0,0,.068800084,.095555671
5,2011,0,1,1,0,1,0,1,0,0,1,0,1,0,0,1,1,.7,109,1,0,0,.066897646,.095568061
5,2011,0,1,1,0,1,0,1,0,0,1,0,1,0,0,1,1,.48,109,1,0,0,.045927148,.095681556
5,2011,0,1,1,0,1,0,1,0,0,1,0,1,0,0,1,1,.76,109,1,0,0,.072602689,.095529854
5,2011,0,1,1,0,1,0,1,0,0,1,0,1,0,0,1,1,.76,109,1,0,0,.072602689,.095529854
5,2011,0,1,1,0,1,0,1,0,0,1,0,1,0,0,1,1,.45,109,1,0,0,.043062203,.095693782
6,2011,1,0,1,0,0,1,0,0,0,0,1,1,0,0,0,0,.9542483660130719,354,1,0,0,.050652623,.053081173
6,2011,1,0,1,0,0,1,0,0,0,0,1,1,0,0,0,0,1.857908847184987,346,1,0,0,.099387266,.053494155
6,2011,1,0,1,0,0,1,0,0,0,0,1,1,0,0,0,1,1.014245014245014,325,1,0,0,.056171365,.055382442
6,2011,1,0,1,0,0,1,0,0,0,0,1,1,0,0,0,1,1.558479532163743,345,1,0,0,.083611913,.053649671
6,2011,1,0,1,0,0,1,0,0,0,1,0,1,0,0,0,0,1.712041884816754,441,1,0,0,.081256218,.047461584
6,2011,1,0,1,0,0,1,0,0,0,1,0,1,0,0,0,0,.5903225806451613,433,1,0,0,.028357685,.048037607
6,2011,1,0,1,0,0,1,0,0,0,1,0,1,0,0,0,1,-.972809667673716,390,1,0,0,-.049200475,.050575644
6,2011,1,0,1,0,0,1,0,0,0,1,0,1,0,0,0,1,-.1752767527675277,431,1,0,0,-.0084424829,.048166588
6,2011,1,0,1,0,0,1,0,0,0,0,1,1,0,0,0,1,1.670731707317073,345,1,0,0,.08958748,.053621706
6,2011,1,0,1,0,0,1,0,0,0,0,1,1,0,0,0,1,1.88135593220339,325,1,0,0,.10379518,.055170409
6,2011,1,0,1,0,0,1,0,0,0,1,0,1,0,0,0,1,5.9296875,431,1,0,0,.27463996,.046316095
6,2011,1,0,1,0,0,1,0,0,0,1,0,1,0,0,0,1,4.846153846153846,390,1,0,0,.23832369,.049177904
6,2011,1,0,1,0,0,1,0,0,0,0,1,1,0,0,0,1,2.287356321839081,324,1,0,0,.1260616,.055112358
6,2011,1,0,1,0,0,1,0,0,0,1,0,1,0,0,0,1,2.903930131004367,389,1,0,0,.14566469,.050161228
6,2011,1,0,1,0,0,1,0,0,0,0,1,1,0,0,0,1,1.156462585034014,344,1,0,0,.062231429,.053811882
6,2011,1,0,1,0,0,1,0,0,0,1,0,1,0,0,0,1,1.061452513966481,430,1,0,0,.051120855,.048161227
7,2011,1,0,1,0,0,1,0,0,0,1,0,0,1,0,0,1,5,199,1,0,0,.33407655,.066815309
7,2011,1,0,1,0,0,1,0,0,0,1,0,0,1,0,0,1,4.5,198,1,0,0,.30460384,.067689747
7,2011,1,0,1,0,1,0,0,0,0,1,0,0,1,0,0,1,3.5,188,1,0,0,.24733284,.070666522
7,2011,1,0,1,0,0,1,0,0,0,1,0,0,1,0,0,1,4.5,197,1,0,0,.30530408,.067845352
7,2011,1,0,1,0,1,0,0,0,0,1,0,0,1,0,0,1,7.000000000000001,187,1,0,0,.45566118,.065094456
7,2011,1,0,1,0,0,1,0,0,0,1,0,0,1,0,0,1,3.888888888888889,30,0,1,0,.57892776,.14886713
7,2011,1,0,1,0,1,0,0,0,0,1,0,0,1,0,0,1,3.5,185,1,0,0,.2492066,.071201883
7,2011,1,0,1,0,1,0,0,0,0,1,0,0,1,0,0,1,3.5,185,1,0,0,.2492066,.071201883
8,2013,0,1,1,0,0,1,0,0,0,1,0,1,0,0,0,1,1.111111111111111,97,1,0,0,.11210509,.10089458
8,2013,0,1,1,0,0,1,0,0,0,1,0,1,0,0,0,1,8.428571428571429,182,1,0,0,.52985698,.062864393
8,2013,0,1,1,0,0,1,0,0,0,1,0,1,0,0,0,1,.5,87,0,1,0,.053528775,.10705755
8,2013,0,1,1,0,0,1,0,0,0,0,1,0,0,1,0,1,2.714285714285714,186,1,0,0,.19519289,.071913168
9,2014,1,0,1,0,0,1,0,0,0,1,0,1,0,0,0,1,6.970414201183432,153,1,0,0,.49093917,.070431851
9,2014,1,0,1,0,0,1,0,0,0,1,0,1,0,0,0,1,5.344827586206897,100,0,1,0,.47137728,.088193163
9,2014,1,0,1,0,0,1,0,0,0,1,0,1,0,0,0,1,2.507692307692308,46,0,1,0,.34679359,.13829193
9,2014,1,0,1,0,0,1,0,0,0,1,0,1,0,0,0,1,1.283018867924528,46,0,1,0,.18587424,.14487256
9,2014,1,0,1,0,0,1,0,0,0,1,0,1,0,0,0,1,1.821705426356589,84,1,0,0,.19495067,.10701548
9,2014,1,0,1,0,0,1,0,0,0,1,0,1,0,0,0,1,7.087912087912088,85,1,0,0,.60949218,.085990377
9,2014,1,0,1,0,0,1,0,0,0,0,1,0,0,1,0,1,2.753623188405797,128,1,0,0,.23648456,.085881233
10,2014,1,0,1,0,0,1,0,0,0,1,0,0,1,0,0,1,2.142857142857143,663,1,0,0,.082934976,.038702987
10,2014,1,0,1,0,0,1,0,0,0,1,0,0,1,0,0,1,2.133333333333333,663,1,0,0,.082568891,.038704168
10,2014,1,0,1,0,0,1,0,0,0,1,0,0,1,0,0,1,2.071428571428572,662,1,0,0,.080248706,.038740754
10,2014,1,0,1,0,0,1,0,0,0,1,0,0,1,0,0,1,1.285714285714286,661,1,0,0,.049946073,.038846947
10,2014,1,0,1,0,0,1,0,0,0,1,0,0,1,0,0,1,.6,655,1,0,0,.0234375,.0390625
10,2014,1,0,1,0,0,1,0,0,0,1,0,0,0,1,0,1,2.076923076923077,670,1,0,0,.079981484,.038509604
10,2014,1,0,1,0,0,1,0,0,0,1,0,0,1,0,0,1,2.142857142857143,663,1,0,0,.082934976,.038702987
10,2014,1,0,1,0,0,1,1,0,0,1,0,0,0,1,0,1,5.530172413793103,663,1,0,0,.2099856,.037970897
11,2014,1,0,1,0,0,1,0,0,0,1,0,1,0,0,0,1,4.642857142857143,55,1,0,0,.53063434,.11429048
11,2014,1,0,1,0,0,1,0,0,0,1,0,1,0,0,0,1,-3.540350877192982,6,0,1,0,-.82235765,.2322814
12,2015,1,0,1,0,0,1,0,0,0,1,0,1,0,0,0,1,-.5,205,1,0,0,-.034900241,.069800481
12,2015,1,0,1,0,0,1,0,0,0,1,0,1,0,0,0,1,-1.025,205,1,0,0,-.071406357,.069664739
12,2015,1,0,1,0,0,1,0,0,0,1,0,1,0,0,0,1,-.75,205,1,0,0,-.052310552,.069747403
12,2015,1,0,1,0,0,1,0,0,0,1,0,1,0,0,0,1,-.5,205,1,0,0,-.034900241,.069800481
12,2015,1,0,1,0,0,1,0,1,0,0,0,1,0,0,0,1,-2,205,1,0,0,-.13834289,.069171444
12,2015,1,0,1,0,0,1,0,1,0,0,0,1,0,0,0,1,-2.166666666666667,205,1,0,0,-.1496231,.069056816
12,2015,1,0,1,0,0,1,0,1,0,0,0,1,0,0,0,1,-2,205,1,0,0,-.13834289,.069171444
12,2015,1,0,1,0,0,1,0,1,0,0,0,1,0,0,0,1,-2.4,205,1,0,0,-.16531686,.068882026
12,2015,1,0,1,0,0,1,0,0,0,0,1,1,0,0,0,1,-.775,205,1,0,0,-.054049227,.069740936
12,2015,1,0,1,0,0,1,0,0,0,0,1,1,0,0,0,1,-.73,205,1,0,0,-.050919272,.069752425
12,2015,1,0,1,0,0,1,0,0,0,0,1,1,0,0,0,1,-1.275,205,1,0,0,-.088698871,.06956774
12,2015,1,0,1,0,0,1,0,0,0,0,1,1,0,0,0,1,-1.6,205,1,0,0,-.11105756,.06941098
12,2015,1,0,1,0,0,1,0,1,0,0,0,1,0,0,0,1,-1,161,1,0,0,-.078567423,.078567423
12,2015,1,0,1,0,0,1,0,0,0,1,0,1,0,0,0,1,-.6666666666666667,161,1,0,0,-.052468322,.078702487
12,2015,1,0,1,0,0,1,0,0,0,0,1,1,0,0,0,1,-1,161,1,0,0,-.078567423,.078567423
12,2015,1,0,1,0,0,1,0,1,0,0,0,1,0,0,0,1,-1.5,161,1,0,0,-.11739907,.078266047
12,2015,1,0,1,0,0,1,0,0,0,1,0,1,0,0,0,1,-.6666666666666667,161,1,0,0,-.052468322,.078702487
12,2015,1,0,1,0,0,1,0,0,0,0,1,1,0,0,0,1,-2,161,1,0,0,-.15569979,.077849895
12,2015,1,0,1,0,0,1,0,1,0,0,0,1,0,0,0,1,-1,161,1,0,0,-.078567423,.078567423
12,2015,1,0,1,0,0,1,0,0,0,1,0,1,0,0,0,1,-.6666666666666667,161,1,0,0,-.052468322,.078702487
12,2015,1,0,1,0,0,1,0,0,0,0,1,1,0,0,0,1,-1,161,1,0,0,-.078567423,.078567423
12,2015,1,0,1,0,0,1,0,1,0,0,0,1,0,0,0,1,-1,161,1,0,0,-.078567423,.078567423
12,2015,1,0,1,0,0,1,0,0,0,1,0,1,0,0,0,1,-.6666666666666667,161,1,0,0,-.052468322,.078702487
12,2015,1,0,1,0,0,1,0,0,0,0,1,1,0,0,0,1,-2,161,1,0,0,-.15569979,.077849895
13,2015,0,1,1,0,0,1,0,1,0,0,0,1,0,0,0,1,-1.987341772151899,338,1,0,0,-.10747106,.054077797
13,2015,0,1,1,0,0,1,1,1,0,0,0,1,0,0,0,1,-3.47037037037037,338,1,0,0,-.18548758,.05344893
13,2015,0,1,1,0,0,1,1,1,0,0,0,1,0,0,0,1,-4.391408114558473,338,1,0,0,-.23232542,.052904539
13,2015,0,1,1,0,0,1,1,1,0,0,0,1,0,0,0,1,-2.40625,338,1,0,0,-.12977591,.053932849
13,2015,0,1,1,0,0,1,1,1,0,0,0,1,0,0,0,1,-4.088748019017433,338,1,0,0,-.2170945,.053095594
13,2015,0,1,1,0,0,1,0,1,0,0,0,1,0,0,0,1,-1.767567567567568,329,1,0,0,-.096989721,.054871861
13,2015,0,1,1,0,0,1,1,1,0,0,0,1,0,0,0,1,-3.385714285714286,329,1,0,0,-.18349123,.054195721
13,2015,0,1,1,0,0,1,1,1,0,0,0,1,0,0,0,1,-4.195564516129032,329,1,0,0,-.22535874,.053713568
13,2015,0,1,1,0,0,1,0,1,0,0,0,1,0,0,0,1,-1.064220183486239,305,1,0,0,-.060824245,.057153817
13,2015,0,1,1,0,0,1,1,1,0,0,0,1,0,0,0,1,-3.096938775510204,305,1,0,0,-.17460611,.056380227
13,2015,0,1,1,0,0,1,1,1,0,0,0,1,0,0,0,1,-3.822429906542056,305,1,0,0,-.21381034,.055935711
13,2015,0,1,1,0,0,1,0,1,0,0,0,1,0,0,0,1,-1.672222222222222,332,1,0,0,-.091391049,.054652452
13,2015,0,1,1,0,0,1,1,1,0,0,0,1,0,0,0,1,-3.283557046979866,332,1,0,0,-.17735185,.054012112
13,2015,0,1,1,0,0,1,1,1,0,0,0,1,0,0,0,1,-3.627956989247312,332,1,0,0,-.19527678,.05382555
13,2015,0,1,1,0,0,1,0,1,0,0,0,1,0,0,0,1,-1.340314136125655,331,1,0,0,-.073471218,.054816417
13,2015,0,1,1,0,0,1,1,1,0,0,0,1,0,0,0,1,-3.241739130434783,331,1,0,0,-.17541918,.054112677
13,2015,0,1,1,0,0,1,1,1,0,0,0,1,0,0,0,1,-3.717703349282297,331,1,0,0,-.20020626,.053852137
13,2015,0,1,1,0,0,1,0,1,0,0,0,1,0,0,0,1,-1.766666666666667,332,1,0,0,-.096505865,.054625962
13,2015,0,1,1,0,0,1,1,1,0,0,0,1,0,0,0,1,-3.2683284457478,332,1,0,0,-.17655502,.054019973
13,2015,0,1,1,0,0,1,1,1,0,0,0,1,0,0,0,1,-3.821799307958478,332,1,0,0,-.20528147,.053713303
13,2015,0,1,1,0,0,1,0,1,0,0,0,1,0,0,0,1,-1.808917197452229,205,0,0,1,-.12534386,.069292203
13,2015,0,1,1,0,0,1,1,1,0,0,0,1,0,0,0,1,-2.822884012539185,205,0,0,1,-.19343504,.068523914
13,2015,0,1,1,0,0,1,1,1,0,0,0,1,0,0,0,1,-2.791252485089463,205,0,0,1,-.19134733,.068552494
13,2015,0,1,1,0,0,1,0,1,0,0,0,1,0,0,0,1,-1.255737704918033,112,0,1,0,-.11782949,.09383288
13,2015,0,1,1,0,0,1,1,1,0,0,0,1,0,0,0,1,-2.590561224489796,112,0,1,0,-.23776524,.091781363
13,2015,0,1,1,0,0,1,1,1,0,0,0,1,0,0,0,1,-2.799721835883171,112,0,1,0,-.25575069,.091348603
13,2015,0,1,1,0,0,1,0,1,0,0,0,1,0,0,0,1,-.626984126984127,215,1,0,0,-.042720925,.068137169
13,2015,0,1,1,0,0,1,1,1,0,0,0,1,0,0,0,1,-1.740365111561866,215,1,0,0,-.11786459,.067724064
13,2015,0,1,1,0,0,1,1,1,0,0,0,1,0,0,0,1,-1.746130030959752,215,1,0,0,-.11824957,.067720942
13,2015,0,1,1,0,0,1,0,1,0,0,0,1,0,0,0,1,-1.977961432506887,102,1,0,0,-.19219609,.097168773
13,2015,0,1,1,0,0,1,1,1,0,0,0,1,0,0,0,1,-2.79265873015873,102,1,0,0,-.26651323,.095433518
13,2015,0,1,1,0,0,1,1,1,0,0,0,1,0,0,0,1,-3.312941176470588,102,1,0,0,-.31168896,.094082251
13,2015,0,1,1,0,0,1,0,0,0,1,0,1,0,0,0,1,-1.934782608695652,312,1,0,0,-.10888425,.056277249
13,2015,0,1,1,0,0,1,1,0,0,1,0,1,0,0,0,1,-3.587458745874587,312,1,0,0,-.19903626,.055481128
13,2015,0,1,1,0,0,1,1,0,0,1,0,1,0,0,0,1,-3.401826484018265,312,1,0,0,-.18911518,.05559225
13,2015,0,1,1,0,0,1,0,0,0,1,0,1,0,0,0,1,-.8823529411764706,308,1,0,0,-.050213303,.05690841
13,2015,0,1,1,0,0,1,1,0,0,1,0,1,0,0,0,1,-3.006042296072507,308,1,0,0,-.16882649,.05616238
13,2015,0,1,1,0,0,1,1,0,0,1,0,1,0,0,0,1,-2.810408921933085,308,1,0,0,-.15812327,.056263439
13,2015,0,1,1,0,0,1,0,0,0,1,0,1,0,0,0,1,-2,315,1,0,0,-.1119785,.055989251
13,2015,0,1,1,0,0,1,1,0,0,1,0,1,0,0,0,1,-3.515243902439024,315,1,0,0,-.19428742,.055269968
13,2015,0,1,1,0,0,1,1,0,0,1,0,1,0,0,0,1,-3.360655737704918,315,1,0,0,-.18604563,.055359919
13,2015,0,1,1,0,0,1,0,0,0,1,0,1,0,0,0,1,-1.627659574468085,314,1,0,0,-.091469087,.056196693
13,2015,0,1,1,0,0,1,1,0,0,1,0,1,0,0,0,1,-3.465189873417721,314,1,0,0,-.1919169,.055384237
13,2015,0,1,1,0,0,1,1,0,0,1,0,1,0,0,0,1,-3.030837004405286,314,1,0,0,-.16859175,.055625476
13,2015,0,1,1,0,0,1,0,0,0,1,0,1,0,0,0,1,-1.977777777777778,315,1,0,0,-.11074964,.05599701
13,2015,0,1,1,0,0,1,1,0,0,1,0,1,0,0,0,1,-3.548895899053628,315,1,0,0,-.19607618,.055249911
13,2015,0,1,1,0,0,1,1,0,0,1,0,1,0,0,0,1,-3.419753086419753,315,1,0,0,-.18920112,.055325959
13,2015,0,1,1,0,0,1,0,0,0,1,0,1,0,0,0,1,-1.595744680851064,191,0,0,1,-.11470196,.071879901
13,2015,0,1,1,0,0,1,1,0,0,1,0,1,0,0,0,1,-2.874251497005988,191,0,0,1,-.20361663,.070841625
13,2015,0,1,1,0,0,1,1,0,0,1,0,1,0,0,0,1,-2.168168168168168,191,0,0,1,-.15498744,.071483128
13,2015,0,1,1,0,0,1,0,0,0,1,0,1,0,0,0,1,-1.486486486486487,109,0,1,0,-.14095801,.094826296
13,2015,0,1,1,0,0,1,1,0,0,1,0,1,0,0,0,1,-1.432183908045977,109,0,1,0,-.13590556,.09489394
13,2015,0,1,1,0,0,1,1,0,0,1,0,1,0,0,0,1,-1.780748663101604,109,0,1,0,-.16813658,.09441904
13,2015,0,1,1,0,0,1,0,0,0,1,0,1,0,0,0,1,-1.913043478260869,199,1,0,0,-.13438199,.070245139
13,2015,0,1,1,0,0,1,1,0,0,1,0,1,0,0,0,1,-2.391534391534392,199,1,0,0,-.16714643,.069890872
13,2015,0,1,1,0,0,1,1,0,0,1,0,1,0,0,0,1,-2.183098591549296,199,1,0,0,-.15293524,.070054211
13,2015,0,1,1,0,0,1,0,0,0,1,0,1,0,0,0,1,-1.132183908045977,101,1,0,0,-.11194836,.098878242
13,2015,0,1,1,0,0,1,1,0,0,1,0,1,0,0,0,1,-2.158256880733945,101,1,0,0,-.20996736,.097285621
13,2015,0,1,1,0,0,1,1,0,0,1,0,1,0,0,0,1,-2.109550561797753,101,1,0,0,-.20543112,.097381465
13,2015,0,1,1,0,0,1,0,1,0,0,0,1,0,0,0,1,-1.352941176470588,329,1,0,0,-.074383423,.054979052
13,2015,0,1,1,0,0,1,1,1,0,0,0,1,0,0,0,1,-3.007399577167019,329,1,0,0,-.16357021,.054389253
13,2015,0,1,1,0,0,1,1,1,0,0,0,1,0,0,0,1,-3.728129205921938,329,1,0,0,-.20132971,.054002881
13,2015,0,1,1,0,0,1,0,1,0,0,0,1,0,0,0,1,-1.123239436619718,305,1,0,0,-.064183891,.05714177
13,2015,0,1,1,0,0,1,1,1,0,0,0,1,0,0,0,1,-2.744877049180328,305,1,0,0,-.15526517,.056565434
13,2015,0,1,1,0,0,1,1,1,0,0,0,1,0,0,0,1,-3.459363957597173,305,1,0,0,-.1943073,.0561685
13,2015,0,1,1,0,0,1,0,1,0,0,0,1,0,0,0,1,-1.163090128755365,332,1,0,0,-.063703209,.05477066
13,2015,0,1,1,0,0,1,1,1,0,0,0,1,0,0,0,1,-2.938156359393232,332,1,0,0,-.15919583,.05418222
13,2015,0,1,1,0,0,1,1,1,0,0,0,1,0,0,0,1,-3.013432835820895,332,1,0,0,-.16316721,.054146625
13,2015,0,1,1,0,0,1,0,1,0,0,0,1,0,0,0,1,-.6919999999999999,331,1,0,0,-.038008276,.054925255
13,2015,0,1,1,0,0,1,1,1,0,0,0,1,0,0,0,1,-2.816448152562574,331,1,0,0,-.15298373,.054317962
13,2015,0,1,1,0,0,1,1,1,0,0,0,1,0,0,0,1,-3.140202702702703,331,1,0,0,-.17008621,.054164086
13,2015,0,1,1,0,0,1,0,1,0,0,0,1,0,0,0,1,-1.318965517241379,332,1,0,0,-.072198726,.054738902
13,2015,0,1,1,0,0,1,1,1,0,0,0,1,0,0,0,1,-2.946717411988582,332,1,0,0,-.15964788,.054178212
13,2015,0,1,1,0,0,1,1,1,0,0,0,1,0,0,0,1,-3.525539160045403,332,1,0,0,-.1899658,.053882767
13,2015,0,1,1,0,0,1,0,1,0,0,0,1,0,0,0,1,-1.25,205,0,0,1,-.086972967,.069578372
13,2015,0,1,1,0,0,1,1,1,0,0,0,1,0,0,0,1,-2.72778297474275,205,0,0,1,-.18715043,.068608992
13,2015,0,1,1,0,0,1,1,1,0,0,0,1,0,0,0,1,-2.632731958762887,205,0,0,1,-.18084608,.068691418
13,2015,0,1,1,0,0,1,0,1,0,0,0,1,0,0,0,1,-.6209677419354839,112,0,1,0,-.058575191,.09432888
13,2015,0,1,1,0,0,1,1,1,0,0,0,1,0,0,0,1,-1.758462946020128,112,0,1,0,-.16391182,.093213126
13,2015,0,1,1,0,0,1,1,1,0,0,0,1,0,0,0,1,-1.972073039742213,112,0,1,0,-.18319,.092892095
13,2015,0,1,1,0,0,1,0,1,0,0,0,1,0,0,0,1,-.2032085561497326,215,1,0,0,-.013857378,.068192884
13,2015,0,1,1,0,0,1,1,1,0,0,0,1,0,0,0,1,-1.801853997682503,215,1,0,0,-.12196796,.067690261
13,2015,0,1,1,0,0,1,1,1,0,0,0,1,0,0,0,1,-1.542342342342342,215,1,0,0,-.10460975,.06782525
13,2015,0,1,1,0,0,1,0,1,0,0,0,1,0,0,0,1,-1.16986301369863,102,1,0,0,-.11506434,.098357104
13,2015,0,1,1,0,0,1,1,1,0,0,0,1,0,0,0,1,-2.057764441110277,102,1,0,0,-.19964714,.097021379
13,2015,0,1,1,0,0,1,1,1,0,0,0,1,0,0,0,1,-2.806807727690892,102,1,0,0,-.26776695,.095399104
13,2015,0,1,1,0,0,1,0,1,0,0,0,1,0,0,0,1,1.54335260115607,193,1,0,0,.1104137,.071541458
13,2015,0,1,1,0,0,1,0,1,0,0,0,1,0,0,0,1,.9682539682539683,192,1,0,0,.069707729,.071993232
13,2015,0,1,1,0,0,1,0,1,0,0,0,1,0,0,0,1,.1096774193548387,202,1,0,0,.0077166464,.070357658
13,2015,0,1,1,0,0,1,0,1,0,0,0,1,0,0,0,1,.6614583333333334,186,1,0,0,.048443533,.073237471
13,2015,0,1,1,0,0,1,0,1,0,0,0,1,0,0,0,1,-.217948717948718,196,1,0,0,-.01556588,.071419917
13,2015,0,1,1,0,0,1,0,1,0,0,0,1,0,0,0,1,1.130681818181818,180,1,0,0,.083978347,.074272305
13,2015,0,1,1,0,0,1,0,1,0,0,0,1,0,0,0,1,.3597122302158273,190,1,0,0,.026087387,.072522938
13,2015,0,1,1,0,0,1,0,1,0,0,0,1,0,0,0,1,.9,191,1,0,0,.064984068,.072204515
13,2015,0,1,1,0,0,1,0,1,0,0,0,1,0,0,0,1,.6476683937823834,185,1,0,0,.047563635,.07343825
13,2015,0,1,1,0,0,1,0,1,0,0,0,1,0,0,0,1,1.217142857142857,179,1,0,0,.090599395,.074436121
13,2015,0,1,1,0,0,1,0,1,0,0,0,1,0,0,0,1,.9545454545454545,191,1,0,0,.068904325,.072185487
13,2015,0,1,1,0,0,1,0,1,0,0,0,1,0,0,0,1,.6354166666666666,184,1,0,0,.046792228,.073640227
13,2015,0,1,1,0,0,1,0,1,0,0,0,1,0,0,0,1,.8852459016393444,178,1,0,0,.066206403,.074788719
13,2015,0,1,1,0,0,1,0,1,0,0,0,1,0,0,0,1,.995049504950495,191,1,0,0,.07181336,.072170638
13,2015,0,1,1,0,0,1,0,1,0,0,0,1,0,0,0,1,.8860103626943006,185,1,0,0,.065003008,.073365971
13,2015,0,1,1,0,0,1,0,1,0,0,0,1,0,0,0,1,1.225988700564972,179,1,0,0,.091252379,.074431665
13,2015,0,1,1,0,0,1,0,1,0,0,0,1,0,0,0,1,1.227906976744186,159,1,0,0,.096920907,.078931794
13,2015,0,1,1,0,0,1,0,1,0,0,0,1,0,0,0,1,1.335,163,1,0,0,.10399827,.077901319
13,2015,0,1,1,0,0,1,0,1,0,0,0,1,0,0,0,1,.8611111111111112,193,1,0,0,.061865404,.071843691
13,2015,0,1,1,0,0,1,0,1,0,0,0,1,0,0,0,1,.408695652173913,192,1,0,0,.029482247,.072137415
13,2015,0,1,1,0,0,1,0,1,0,0,0,1,0,0,0,1,-.2929292929292929,202,1,0,0,-.020606058,.070344813
13,2015,0,1,1,0,0,1,0,1,0,0,0,1,0,0,0,1,.1441441441441441,186,1,0,0,.010568571,.073319465
13,2015,0,1,1,0,0,1,0,1,0,0,0,1,0,0,0,1,-.6086956521739131,196,1,0,0,-.043437224,.071361154
13,2015,0,1,1,0,0,1,0,1,0,0,0,1,0,0,0,1,.5181818181818182,180,1,0,0,.038594216,.074480064
13,2015,0,1,1,0,0,1,0,1,0,0,0,1,0,0,0,1,-.1379310344827586,190,1,0,0,-.010006068,.072543994
13,2015,0,1,1,0,0,1,0,1,0,0,0,1,0,0,0,1,1.810526315789474,193,1,0,0,.12923169,.07137797
13,2015,0,1,1,0,0,1,0,1,0,0,0,1,0,0,0,1,1.046728971962617,192,1,0,0,.07532654,.07196375
13,2015,0,1,1,0,0,1,0,1,0,0,0,1,0,0,0,1,.2395833333333333,202,1,0,0,.016854631,.07034976
13,2015,0,1,1,0,0,1,0,1,0,0,0,1,0,0,0,1,.890909090909091,186,1,0,0,.065185688,.073167607
13,2015,0,1,1,0,0,1,0,1,0,0,0,1,0,0,0,1,.1030927835051546,196,1,0,0,.0073635704,.071426637
13,2015,0,1,1,0,0,1,0,1,0,0,0,1,0,0,0,1,1.329787234042553,180,1,0,0,.098633185,.074172154
13,2015,0,1,1,0,0,1,0,1,0,0,0,1,0,0,0,1,.5,190,1,0,0,.036249973,.072499946
13,2015,0,1,1,0,0,1,0,1,0,0,0,1,0,0,0,1,1.848684210526316,189,1,0,0,.13327242,.072090425
13,2015,0,1,1,0,0,1,0,1,0,0,0,1,0,0,0,1,1.263157894736842,188,1,0,0,.091736794,.072624959
13,2015,0,1,1,0,0,1,0,1,0,0,0,1,0,0,0,1,.5,198,1,0,0,.035511043,.071022086
13,2015,0,1,1,0,0,1,0,1,0,0,0,1,0,0,0,1,.9428571428571429,182,1,0,0,.069719158,.073944561
13,2015,0,1,1,0,0,1,0,1,0,0,0,1,0,0,0,1,.1517241379310345,192,1,0,0,.01094909,.072164461
13,2015,0,1,1,0,0,1,0,1,0,0,0,1,0,0,0,1,1.39375,176,1,0,0,.10448284,.074965268
13,2015,0,1,1,0,0,1,0,1,0,0,0,1,0,0,0,1,.6976744186046511,186,1,0,0,.051089164,.0732278
13,2015,0,1,1,0,0,1,0,1,0,0,0,1,0,0,0,1,1.54335260115607,193,1,0,0,.1104137,.071541458
13,2015,0,1,1,0,0,1,0,1,0,0,0,1,0,0,0,1,1.097142857142857,192,1,0,0,.078932419,.071943618
13,2015,0,1,1,0,0,1,0,1,0,0,0,1,0,0,0,1,.302158273381295,202,1,0,0,.021254979,.070343859
13,2015,0,1,1,0,0,1,0,1,0,0,0,1,0,0,0,1,.9839572192513368,186,1,0,0,.071960203,.073133469
13,2015,0,1,1,0,0,1,0,1,0,0,0,1,0,0,0,1,.1216216216216216,196,1,0,0,.0086869309,.071425878
13,2015,0,1,1,0,0,1,0,1,0,0,0,1,0,0,0,1,.9285714285714286,180,1,0,0,.069046453,.074357718
13,2015,0,1,1,0,0,1,0,1,0,0,0,1,0,0,0,1,.1140939597315436,190,1,0,0,.0082769627,.072545141
13,2015,0,1,1,0,0,1,0,1,0,0,0,1,0,0,0,1,1.53448275862069,190,1,0,0,.11063962,.072102226
13,2015,0,1,1,0,0,1,0,1,0,0,0,1,0,0,0,1,1.559006211180124,189,1,0,0,.11267882,.072276056
13,2015,0,1,1,0,0,1,0,1,0,0,0,1,0,0,0,1,.7952755905511811,199,1,0,0,.05628622,.07077574
13,2015,0,1,1,0,0,1,0,1,0,0,0,1,0,0,0,1,1.1125,183,1,0,0,.081961676,.073673412
13,2015,0,1,1,0,0,1,0,1,0,0,0,1,0,0,0,1,.0725806451612903,193,1,0,0,.0052243979,.071980596
13,2015,0,1,1,0,0,1,0,1,0,0,0,1,0,0,0,1,1.337662337662338,178,1,0,0,.099761859,.074579254
13,2015,0,1,1,0,0,1,0,1,0,0,0,1,0,0,0,1,.4322033898305085,188,1,0,0,.031506024,.072896287
13,2015,0,1,1,0,0,1,0,1,0,0,0,1,0,0,0,1,.4237288135593221,191,1,0,0,.03064554,.072323479
13,2015,0,1,1,0,0,1,0,1,0,0,0,1,0,0,0,1,.2035398230088495,185,1,0,0,.01496287,.073513232
13,2015,0,1,1,0,0,1,0,1,0,0,0,1,0,0,0,1,.5636363636363636,179,1,0,0,.042090826,.074677274
13,2015,0,1,1,0,0,1,0,1,0,0,0,1,0,0,0,1,.411764705882353,191,1,0,0,.029781032,.072325364
13,2015,0,1,1,0,0,1,0,1,0,0,0,1,0,0,0,1,.1351351351351351,184,1,0,0,.0099617997,.073717318
13,2015,0,1,1,0,0,1,0,1,0,0,0,1,0,0,0,1,.3963963963963963,178,1,0,0,.029698061,.07492011
13,2015,0,1,1,0,0,1,0,1,0,0,0,1,0,0,0,1,.5042735042735043,191,1,0,0,.036463685,.072309338
13,2015,0,1,1,0,0,1,0,1,0,0,0,1,0,0,0,1,.3693693693693694,185,1,0,0,.027146569,.073494367
13,2015,0,1,1,0,0,1,0,1,0,0,0,1,0,0,0,1,.5495495495495495,179,1,0,0,.041040655,.074680537
13,2015,0,1,1,0,0,1,0,1,0,0,0,1,0,0,0,1,1.190751445086705,187,1,0,0,.086748116,.072851576
13,2015,0,1,1,0,0,1,0,1,0,0,0,1,0,0,0,1,.9204545454545455,181,1,0,0,.06825728,.074156061
13,2015,0,1,1,0,0,1,0,1,0,0,0,1,0,0,0,1,1.44375,175,1,0,0,.10849303,.075146683
13,2015,0,1,1,0,0,1,0,1,0,0,0,1,0,0,0,1,1.229050279329609,187,1,0,0,.089516237,.072833665
13,2015,0,1,1,0,0,1,0,1,0,0,0,1,0,0,0,1,.8245614035087718,180,1,0,0,.061343435,.074395224
13,2015,0,1,1,0,0,1,0,1,0,0,0,1,0,0,0,1,1.118343195266272,174,1,0,0,.084478311,.075538807
13,2015,0,1,1,0,0,1,0,1,0,0,0,1,0,0,0,1,1.237837837837838,187,1,0,0,.090151079,.072829477
13,2015,0,1,1,0,0,1,0,1,0,0,0,1,0,0,0,1,1.163841807909604,181,1,0,0,.086185791,.07405284
13,2015,0,1,1,0,0,1,0,1,0,0,0,1,0,0,0,1,1.484662576687116,175,1,0,0,.11152975,.075121276
13,2015,0,1,1,0,0,1,0,1,0,0,0,1,0,0,0,1,1.021505376344086,191,1,0,0,.073712453,.072160617
13,2015,0,1,1,0,0,1,0,1,0,0,0,1,0,0,0,1,.6448087431693988,185,1,0,0,.047354098,.07343898
13,2015,0,1,1,0,0,1,0,1,0,0,0,1,0,0,0,1,1.187845303867403,179,1,0,0,.088435858,.074450657
13,2015,0,1,1,0,0,1,0,1,0,0,0,1,0,0,0,1,1.965217391304348,179,1,0,0,.14532782,.07395
13,2015,0,1,1,0,0,1,0,1,0,0,0,1,0,0,0,1,1.482905982905983,174,1,0,0,.1117151,.075335257
13,2015,0,1,1,0,0,1,0,1,0,0,0,1,0,0,0,1,1.857142857142857,168,1,0,0,.14183319,.076371714
13,2015,0,1,1,0,0,1,0,1,0,0,0,1,0,0,0,1,1.031746031746032,187,1,0,0,.075234905,.072919987
13,2015,0,1,1,0,0,1,0,1,0,0,0,1,0,0,0,1,.723076923076923,180,1,0,0,.05381687,.074427582
13,2015,0,1,1,0,0,1,0,1,0,0,0,1,0,0,0,1,.9238578680203045,174,1,0,0,.069866337,.075624555
13,2015,0,1,1,0,0,1,0,1,0,0,0,1,0,0,0,1,.8795811518324608,184,1,0,0,.064707689,.073566481
13,2015,0,1,1,0,0,1,0,1,0,0,0,1,0,0,0,1,.9372384937238494,176,1,0,0,.070471369,.075190432
13,2015,0,1,1,0,0,1,0,1,0,0,0,1,0,0,0,1,.9946524064171123,171,1,0,0,.075843886,.076251648
13,2015,0,1,1,0,0,1,0,1,0,0,0,1,0,0,0,1,.8963730569948186,189,1,0,0,.065063395,.072585173
13,2015,0,1,1,0,0,1,0,1,0,0,0,1,0,0,0,1,.6780487804878049,180,1,0,0,.050474353,.074440591
13,2015,0,1,1,0,0,1,0,1,0,0,0,1,0,0,0,1,1.237623762376238,173,1,0,0,.093680985,.075694241
13,2015,0,1,1,0,0,1,0,1,0,0,0,1,0,0,0,1,.9025641025641025,189,1,0,0,.065510847,.072583042
13,2015,0,1,1,0,0,1,0,1,0,0,0,1,0,0,0,1,.66,178,1,0,0,.049408671,.074861623
13,2015,0,1,1,0,0,1,0,1,0,0,0,1,0,0,0,1,1.123152709359606,172,1,0,0,.08532726,.075971201
13,2015,0,1,1,0,0,1,0,1,0,0,0,1,0,0,0,1,.8243902439024391,191,1,0,0,.059544943,.072229072
13,2015,0,1,1,0,0,1,0,1,0,0,0,1,0,0,0,1,.7823834196891192,184,1,0,0,.057582371,.073598661
13,2015,0,1,1,0,0,1,0,1,0,0,0,1,0,0,0,1,1.166666666666667,177,1,0,0,.087356798,.074877255
13,2015,0,1,1,0,0,1,0,1,0,0,0,1,0,0,0,1,.9945652173913043,187,1,0,0,.072538212,.072934598
13,2015,0,1,1,0,0,1,0,1,0,0,0,1,0,0,0,1,.6263157894736842,181,1,0,0,.04650332,.074248999
13,2015,0,1,1,0,0,1,0,1,0,0,0,1,0,0,0,1,1.07027027027027,174,1,0,0,.080871217,.075561494
13,2015,0,1,1,0,0,1,0,1,0,0,0,1,0,0,0,1,1.363157894736842,157,1,0,0,.10815369,.079340547
13,2015,0,1,1,0,0,1,0,1,0,0,0,1,0,0,0,1,1.364640883977901,161,1,0,0,.10693212,.078359164
13,2015,0,1,1,0,0,1,0,1,0,0,0,1,0,0,0,1,1.129310344827586,159,1,0,0,.089203104,.078989007
13,2015,0,1,1,0,0,1,0,1,0,0,0,1,0,0,0,1,1.327272727272727,163,1,0,0,.10340276,.077906184
13,2015,0,1,1,0,0,1,0,1,0,0,0,1,0,0,0,1,1.098214285714286,157,1,0,0,.087312318,.079503901
13,2015,0,1,1,0,0,1,0,1,0,0,0,1,0,0,0,1,1.155963302752294,161,1,0,0,.090726949,.07848601
14,2015,0,1,1,0,1,0,0,0,0,1,0,0,1,0,0,1,3.894736842105263,176,1,0,0,.28168869,.072325476
14,2015,0,1,1,0,1,0,1,0,0,1,0,0,1,0,1,1,-.888888888888889,122,1,0,0,-.080216877,.090243988
14,2015,0,1,1,0,1,0,0,0,0,1,0,0,1,0,0,1,4.166666666666667,145,1,0,0,.32699999,.078479998
14,2015,0,1,1,0,1,0,0,0,0,1,0,0,1,0,0,1,3.35,147,1,0,0,.26632422,.079499774
15,2015,1,0,1,0,0,1,0,1,0,0,0,0,1,0,0,1,-.2375886524822695,127,1,0,0,-.021077899,.088715941
15,2015,1,0,1,0,0,1,0,1,0,0,0,0,1,0,0,1,-1.939698492462312,127,1,0,0,-.16962612,.087449737
15,2015,1,0,1,0,0,1,0,1,0,0,0,0,1,0,0,1,-1.640243902439025,127,1,0,0,-.14403051,.087810427
15,2015,1,0,1,0,0,1,0,0,0,0,1,0,1,0,0,1,-2.234323432343234,127,1,0,0,-.19447863,.0870414
15,2015,1,0,1,0,0,1,0,0,0,1,0,0,1,0,0,1,-1.977777777777778,127,1,0,0,-.17285758,.0873999
15,2015,1,0,1,0,0,1,0,1,0,0,0,0,1,0,0,1,-1.847540983606557,50,0,1,0,-.25279528,.13682796
15,2015,1,0,1,0,0,1,0,1,0,0,0,0,1,0,0,1,-3.143518518518519,50,0,1,0,-.40622714,.12922689
15,2015,1,0,1,0,0,1,0,1,0,0,0,0,1,0,0,1,-2.728748806112703,50,0,1,0,-.36002561,.13193798
15,2015,1,0,1,0,0,1,0,0,0,0,1,0,1,0,0,1,-2.713315217391305,50,0,1,0,-.35825133,.13203454
15,2015,1,0,1,0,0,1,0,0,0,1,0,0,1,0,0,1,-1.992366412213741,50,0,1,0,-.27120328,.13612118
15,2015,1,0,1,0,0,1,0,1,0,0,0,0,1,0,0,1,1.343065693430657,58,0,0,1,.17367318,.12931101
15,2015,1,0,1,0,0,1,0,1,0,0,0,0,1,0,0,1,-.4224137931034483,58,0,0,1,-.055380527,.13110492
15,2015,1,0,1,0,0,1,0,1,0,0,0,0,1,0,0,1,.5381526104417671,58,0,0,1,.070487142,.13097984
15,2015,1,0,1,0,0,1,0,0,0,0,1,0,1,0,0,1,-.871345029239766,58,0,0,1,-.11367162,.13045536
15,2015,1,0,1,0,0,1,0,0,0,1,0,0,1,0,0,1,.2380952380952381,58,0,0,1,.031248169,.13124231
15,2015,1,0,1,0,0,1,0,1,0,0,0,0,1,0,0,1,.1834061135371179,127,1,0,0,.016272506,.088723905
15,2015,1,0,1,0,0,1,0,1,0,0,0,0,1,0,0,1,-.9540229885057473,127,1,0,0,-.084354125,.088419385
15,2015,1,0,1,0,0,1,0,1,0,0,0,0,1,0,0,1,-.3705463182897862,127,1,0,0,-.032862909,.088687725
15,2015,1,0,1,0,0,1,0,0,0,0,1,0,1,0,0,1,-1.539923954372624,127,1,0,0,-.135388,.087918632
15,2015,1,0,1,0,0,1,0,0,0,1,0,0,1,0,0,1,-.5294117647058824,127,1,0,0,-.046925947,.088637896
15,2015,1,0,1,0,0,1,0,1,0,0,0,0,1,0,0,1,0,127,1,0,0,0,.088735647
15,2015,1,0,1,0,0,1,0,1,0,0,0,0,1,0,0,1,-.6490066225165564,127,1,0,0,-.05749476,.088588864
15,2015,1,0,1,0,0,1,0,1,0,0,0,0,1,0,0,1,-.3396739130434783,127,1,0,0,-.030127503,.08869537
15,2015,1,0,1,0,0,1,0,0,0,0,1,0,1,0,0,1,-.7035398230088495,127,1,0,0,-.062307764,.088563234
15,2015,1,0,1,0,0,1,0,0,0,1,0,0,1,0,0,1,.0444444444444444,127,1,0,0,.0039437762,.088734962
15,2015,1,0,1,0,0,1,0,1,0,0,0,0,1,0,0,1,.0855614973262032,127,1,0,0,.0075921365,.088733092
15,2015,1,0,1,0,0,1,0,1,0,0,0,0,1,0,0,1,-.8380281690140845,127,1,0,0,-.074158214,.088491313
15,2015,1,0,1,0,0,1,0,1,0,0,0,0,1,0,0,1,-.3294797687861272,127,1,0,0,-.029224114,.088697754
15,2015,1,0,1,0,0,1,0,0,0,0,1,0,1,0,0,1,-.4166666666666666,127,1,0,0,-.036947943,.088675059
15,2015,1,0,1,0,0,1,0,0,0,1,0,0,1,0,0,1,.8095238095238095,127,1,0,0,.071649,.088507593
15,2015,1,0,1,0,0,1,0,1,0,0,0,0,1,0,0,1,-.9946236559139785,127,1,0,0,-.087916821,.088392049
15,2015,1,0,1,0,0,1,0,1,0,0,0,0,1,0,0,1,-1.126760563380282,127,1,0,0,-.099487789,.088295415
15,2015,1,0,1,0,0,1,0,1,0,0,0,0,1,0,0,1,-1.107871720116618,127,1,0,0,-.097836092,.088309944
15,2015,1,0,1,0,0,1,0,0,0,0,1,0,1,0,0,1,-1.289719626168224,127,1,0,0,-.11370193,.088160194
15,2015,1,0,1,0,0,1,0,0,0,1,0,0,1,0,0,1,-.2439024390243902,127,1,0,0,-.021637775,.088714875
15,2015,1,0,1,0,0,1,0,1,0,0,0,0,1,0,0,1,.7355163727959697,127,1,0,0,.065127961,.08854726
15,2015,1,0,1,0,0,1,0,1,0,0,0,0,1,0,0,1,.3848684210526316,127,1,0,0,.03413165,.088683948
15,2015,1,0,1,0,0,1,0,1,0,0,0,0,1,0,0,1,.5829903978052127,127,1,0,0,.051662948,.088617153
15,2015,1,0,1,0,0,1,0,0,0,0,1,0,1,0,0,1,-.6420824295010845,127,1,0,0,-.05688335,.088591971
15,2015,1,0,1,0,0,1,0,0,0,1,0,0,1,0,0,1,-2.229885057471265,127,1,0,0,-.19410689,.087047935
16,2015,1,0,1,0,0,1,0,1,0,0,0,1,0,0,0,1,.79,372,1,0,0,.040925276,.051804148
16,2015,1,0,1,0,0,1,0,1,0,0,0,1,0,0,0,1,.8,371,1,0,0,.041498151,.051872689
17,2016,1,0,1,0,1,0,0,1,0,0,0,0,1,0,0,1,-1.267857142857143,102,1,0,0,-.12455891,.098243646
17,2016,1,0,1,0,0,1,0,1,0,0,0,0,1,0,0,1,-1.066666666666667,102,1,0,0,-.10503156,.098467089
17,2016,1,0,1,0,1,0,0,0,0,0,1,0,1,0,0,1,-.6196319018404909,102,1,0,0,-.061237555,.098828927
17,2016,1,0,1,0,1,0,0,0,0,0,1,0,1,0,0,1,-1.642857142857143,102,1,0,0,-.16055675,.097730197
17,2016,1,0,1,0,1,0,0,0,1,0,0,0,1,0,0,1,1.910112359550562,102,1,0,0,.18583485,.097290017
17,2016,1,0,1,0,0,1,0,0,1,0,0,0,1,0,0,1,2.275641025641026,102,1,0,0,.2198112,.096593097
17,2016,1,0,1,0,1,0,0,0,0,1,0,0,1,0,0,1,.3659793814432989,102,1,0,0,.036213588,.098949805
17,2016,1,0,1,0,0,1,0,0,0,1,0,0,1,0,0,1,-1.714285714285714,102,1,0,0,-.16734596,.097618468
17,2016,1,0,1,0,0,1,1,1,0,0,0,0,1,0,0,1,-1.888888888888889,116,1,0,0,-.17274246,.091451891
17,2016,1,0,1,0,0,1,1,0,0,0,1,0,1,0,0,1,-2.958333333333333,116,1,0,0,-.26486453,.089531675
17,2016,1,0,1,0,0,1,1,0,1,0,0,0,1,0,0,1,2.3,116,1,0,0,.2088408,.090800345
17,2016,1,0,1,0,0,1,1,0,0,1,0,0,1,0,0,1,-2.25,116,1,0,0,-.20449264,.090885624
17,2016,1,0,1,0,0,1,1,1,0,0,0,0,1,0,1,1,-.4615384615384615,97,1,0,0,-.046810761,.10142331
17,2016,1,0,1,0,0,1,1,0,0,0,1,0,1,0,1,1,-.0625,97,1,0,0,-.0063457857,.10153257
17,2016,1,0,1,0,0,1,1,0,1,0,0,0,1,0,1,1,2.90625,97,1,0,0,.28302014,.097383268
17,2016,1,0,1,0,0,1,1,0,0,1,0,0,1,0,1,1,-2.464646464646465,97,1,0,0,-.24276108,.098497324
17,2016,1,0,1,0,0,1,1,1,0,0,0,0,1,0,0,1,-2,116,1,0,0,-.18257418,.091287091
17,2016,1,0,1,0,0,1,1,0,0,0,1,0,1,0,0,1,-3.08695652173913,116,1,0,0,-.27552307,.089253947
17,2016,1,0,1,0,0,1,1,0,1,0,0,0,1,0,0,1,2.017543859649123,116,1,0,0,.18412165,.091260299
17,2016,1,0,1,0,0,1,1,0,0,1,0,0,1,0,0,1,-2.233082706766917,116,1,0,0,-.20301871,.0909141
17,2016,1,0,1,0,0,1,1,1,0,0,0,0,1,0,1,1,-.4285714285714285,97,1,0,0,-.043473694,.10143862
17,2016,1,0,1,0,0,1,1,0,0,0,1,0,1,0,1,1,-.0588235294117647,97,1,0,0,-.0059725181,.1015328
17,2016,1,0,1,0,0,1,1,0,1,0,0,0,1,0,1,1,2.137931034482759,97,1,0,0,.21213356,.099223755
17,2016,1,0,1,0,0,1,1,0,0,1,0,0,1,0,1,1,-2.711111111111111,97,1,0,0,-.26539996,.097893424
18,2016,1,0,1,0,1,0,1,0,0,1,0,1,0,0,1,1,8.81,556,1,0,0,.34999579,.039727103
18,2016,1,0,1,0,1,0,1,0,0,1,0,1,0,0,1,1,13.02,556,1,0,0,.48337722,.037125744
18,2016,1,0,1,0,1,0,1,0,0,1,0,1,0,0,1,1,10.69,556,1,0,0,.41290566,.038625412
19,2016,0,1,1,1,0,0,0,0,0,0,1,1,0,0,0,1,2.2,122,1,0,0,.19534153,.088791601
19,2016,0,1,1,1,0,0,0,0,0,0,1,1,0,0,0,1,2.9,121,1,0,0,.25492597,.087905504
19,2016,0,1,1,1,0,0,0,0,0,0,1,1,0,0,0,1,2.8,120,1,0,0,.2476422,.088443644
19,2016,0,1,1,1,0,0,0,0,0,0,1,1,0,0,0,1,3.5,122,1,0,0,.30207229,.086306371
19,2016,0,1,1,1,0,0,0,0,0,0,1,1,0,0,0,1,2.6,123,1,0,0,.22824587,.087786876
19,2016,0,1,1,1,0,0,0,0,0,0,1,1,0,0,0,1,2.7,121,1,0,0,.23837866,.088288389
19,2016,0,1,1,1,0,0,0,0,0,0,1,1,0,0,0,1,2,121,1,0,0,.17888544,.089442722
19,2016,0,1,1,1,0,0,0,0,0,0,1,1,0,0,0,1,.01,71,1,0,0,.0011867809,.11867809
19,2016,0,1,1,1,0,0,0,0,0,0,1,1,0,0,0,1,1.3,71,1,0,0,.15247759,.11729045
19,2016,0,1,1,1,0,0,0,0,0,0,1,1,0,0,0,1,1.3,70,1,0,0,.15353736,.11810566
19,2016,0,1,1,1,0,0,0,0,0,0,1,1,0,0,0,1,.7,71,1,0,0,.082789525,.11827075
19,2016,0,1,1,1,0,0,0,0,0,0,1,1,0,0,0,1,.6,72,1,0,0,.070534565,.1175576
19,2016,0,1,1,1,0,0,0,0,0,0,1,1,0,0,0,1,.8,70,1,0,0,.095184155,.11898019
19,2016,0,1,1,1,0,0,0,0,0,0,1,1,0,0,0,1,.2,70,1,0,0,.023897745,.11948872
19,2016,0,1,1,1,0,0,0,0,0,0,1,1,0,0,0,1,1,122,1,0,0,.090166964,.090166964
19,2016,0,1,1,1,0,0,0,0,0,0,1,1,0,0,0,1,1.7,122,1,0,0,.15211958,.089482099
19,2016,0,1,1,1,0,0,0,0,0,0,1,1,0,0,0,1,.2,122,1,0,0,.018104181,.090520911
19,2016,0,1,1,1,0,0,0,0,0,0,1,1,0,0,0,1,.8,121,1,0,0,.072535694,.090669617
19,2016,0,1,1,1,0,0,0,0,0,0,1,1,0,0,0,1,1.9,121,1,0,0,.17020689,.089582577
19,2016,0,1,1,1,0,0,0,0,0,0,1,1,0,0,0,1,.4,121,1,0,0,.036339618,.090849042
19,2016,0,1,1,1,0,0,0,0,0,0,1,1,0,0,0,1,1.1,71,1,0,0,.12944761,.11767964
19,2016,0,1,1,1,0,0,0,0,0,0,1,1,0,0,0,1,.1,71,1,0,0,.011866981,.11866981
19,2016,0,1,1,1,0,0,0,0,0,0,1,1,0,0,0,1,.3,71,1,0,0,.035580907,.11860302
19,2016,0,1,1,1,0,0,0,0,0,0,1,1,0,0,0,1,1,70,1,0,0,.11867817,.11867817
19,2016,0,1,1,1,0,0,0,0,0,0,1,1,0,0,0,1,.1,70,1,0,0,.011951433,.11951432
19,2016,0,1,1,1,0,0,0,0,0,0,1,1,0,0,0,1,.5,70,1,0,0,.059655,.11931
20,2017,1,0,1,0,1,0,1,0,0,1,0,1,0,0,1,1,1.172131147540983,113,0,0,1,.10960056,.093505368
20,2017,1,0,1,0,1,0,1,0,0,1,0,1,0,0,1,1,2.653122648607976,113,0,0,1,.24215645,.091272242
20,2017,1,0,1,0,1,0,1,0,0,1,0,1,0,0,1,1,-1.103734439834025,113,0,0,1,-.1032754,.093569063
20,2017,1,0,1,0,1,0,1,0,0,1,0,1,0,0,1,1,-.5395564382654749,113,0,0,1,-.050691944,.093951143
20,2017,1,0,1,0,1,0,1,0,0,1,0,1,0,0,1,1,1.661575562700965,113,0,0,1,.1544327,.092943534
20,2017,1,0,1,0,1,0,1,0,0,1,0,1,0,0,1,1,2.053462603878117,113,0,0,1,.18966712,.092364535
20,2017,1,0,1,0,1,0,1,0,1,0,0,1,0,0,1,1,-.9830985915492958,193,0,0,1,-.070588462,.07180202
20,2017,1,0,1,0,1,0,1,0,1,0,0,1,0,0,1,1,-2.069025021570319,193,0,0,1,-.14730696,.071196318
20,2017,1,0,1,0,1,0,1,0,1,0,0,1,0,0,1,1,-.0723938223938224,193,0,0,1,-.0052109505,.071980596
20,2017,1,0,1,0,1,0,1,0,1,0,0,1,0,0,1,1,-1.589258698940998,193,0,0,1,-.11365607,.071515143
20,2017,1,0,1,0,1,0,1,0,1,0,0,1,0,0,1,1,-2.238591916558018,193,0,0,1,-.15908526,.071064882
20,2017,1,0,1,0,1,0,1,0,1,0,0,1,0,0,1,1,-2.241801000555865,193,0,0,1,-.15930754,.071062297
21,2017,1,0,1,0,0,1,0,1,0,0,0,1,0,0,0,1,-1.350746268656716,337,1,0,0,-.073381461,.054326609
21,2017,1,0,1,0,0,1,1,1,0,0,0,1,0,0,0,1,-3.375899280575539,337,1,0,0,-.18086414,.053575099
21,2017,1,0,1,0,0,1,1,1,0,0,0,1,0,0,0,1,-1.8584686774942,337,1,0,0,-.1007224,.054196451
21,2017,1,0,1,0,0,1,1,1,0,0,0,1,0,0,0,1,-3.108827085852479,337,1,0,0,-.16697125,.053708758
21,2017,1,0,1,0,0,1,0,1,0,0,0,1,0,0,0,1,-1.453125,259,1,0,0,-.089926958,.061885219
21,2017,1,0,1,0,0,1,0,1,0,0,0,1,0,0,0,1,.4276094276094277,74,1,0,0,.049647287,.11610428
21,2017,1,0,1,0,0,1,1,1,0,0,0,1,0,0,0,1,-3.153203342618384,259,1,0,0,-.19227469,.060977571
21,2017,1,0,1,0,0,1,1,1,0,0,0,1,0,0,0,1,-1.436093824796553,74,1,0,0,-.16466372,.11466083
21,2017,1,0,1,0,0,1,1,1,0,0,0,1,0,0,0,1,-2.445229681978799,259,1,0,0,-.15021518,.061431929
21,2017,1,0,1,0,0,1,1,1,0,0,0,1,0,0,0,1,.1787234042553192,74,1,0,0,.020771692,.11622256
21,2017,1,0,1,0,0,1,1,1,0,0,0,1,0,0,0,1,-3.134851138353766,259,1,0,0,-.19119664,.060990658
21,2017,1,0,1,0,0,1,1,1,0,0,0,1,0,0,0,1,-.9529054310672237,74,1,0,0,-.11009957,.11554092
22,2017,1,0,1,0,1,0,0,0,0,0,1,0,0,1,0,1,-1.166666666666667,358,1,0,0,-.061543368,.052751455
22,2017,1,0,1,0,1,0,0,0,0,0,1,0,0,1,0,1,-1.107142857142857,356,1,0,0,-.058577694,.052908886
22,2017,1,0,1,0,1,0,0,0,0,0,1,0,0,1,0,1,-1,343,1,0,0,-.053916387,.053916387
22,2017,1,0,1,0,1,0,0,0,0,0,1,0,0,1,0,1,-1,341,1,0,0,-.054073807,.054073807
23,2017,1,0,1,0,0,1,0,0,0,1,0,0,1,0,0,1,-.8716814159292036,59,1,0,0,-.11275949,.1293586
23,2017,1,0,1,0,0,1,0,0,0,1,0,0,1,0,0,1,-1.484076433121019,57,1,0,0,-.1928796,.12996608
23,2017,1,0,1,0,0,1,0,0,0,1,0,0,1,0,0,1,.2559748427672956,57,1,0,0,.033885226,.13237718
23,2017,1,0,1,0,0,1,0,0,0,1,0,0,1,0,0,1,-.8526315789473685,55,1,0,0,-.11421645,.13395756
23,2017,1,0,1,0,0,1,0,0,0,1,0,0,1,0,0,1,-1.577075098814229,51,1,0,0,-.21563913,.13673359
23,2017,1,0,1,0,0,1,0,0,0,1,0,0,1,0,0,1,-2.486702127659574,49,1,0,0,-.33474833,.13461536
23,2017,1,0,1,0,0,1,0,0,0,1,0,0,1,0,0,1,1.969798657718121,49,1,0,0,.27087921,.13751619
23,2017,1,0,1,0,0,1,0,0,0,1,0,0,1,0,0,1,-.8081180811808119,47,1,0,0,-.11706564,.14486206
23,2017,1,0,1,0,0,1,0,0,0,1,0,0,1,0,0,1,.8308823529411764,59,1,0,0,.1075443,.12943386
23,2017,1,0,1,0,0,1,0,0,0,1,0,0,1,0,0,1,-.7008547008547008,57,1,0,0,-.092433058,.13188618
23,2017,1,0,1,0,0,1,0,0,0,1,0,0,1,0,0,1,1.57037037037037,57,1,0,0,.20364207,.12967773
23,2017,1,0,1,0,0,1,0,0,0,1,0,0,1,0,0,1,-.456875,55,1,0,0,-.061488442,.13458483
23,2017,1,0,1,0,0,1,0,0,0,1,0,0,1,0,0,1,-.776595744680851,51,1,0,0,-.10810782,.13920733
23,2017,1,0,1,0,0,1,0,0,0,1,0,0,1,0,0,1,-1.368686868686869,49,1,0,0,-.191893,.14020227
23,2017,1,0,1,0,0,1,0,0,0,1,0,0,1,0,0,1,-.2284810126582278,49,1,0,0,-.032622773,.14278111
23,2017,1,0,1,0,0,1,0,0,0,1,0,0,1,0,0,1,.3598930481283422,47,1,0,0,.052423611,.14566442
24,2017,1,0,1,0,1,0,0,0,0,1,0,0,1,0,0,0,1,457,1,0,0,.046726931,.046726931
24,2017,1,0,1,0,1,0,0,0,0,1,0,0,1,0,0,1,1,456,1,0,0,.046778027,.046778027
24,2017,1,0,1,0,1,0,0,0,0,1,0,0,1,0,0,1,2,456,1,0,0,.093250483,.046625242
24,2017,1,0,1,0,1,0,0,0,0,1,0,0,1,0,0,1,2,455,1,0,0,.093352005,.046676002
24,2017,1,0,1,0,1,0,0,0,1,0,0,0,1,0,0,0,-.3571428571428572,136,1,0,0,-.030610396,.08570911
24,2017,1,0,1,0,1,0,0,0,1,0,0,0,1,0,0,1,-.4615384615384616,135,1,0,0,-.039691605,.085998476
24,2017,1,0,1,0,1,0,0,0,1,0,0,0,1,0,0,1,-.7857142857142857,135,1,0,0,-.067469425,.085870184
24,2017,1,0,1,0,1,0,0,0,1,0,0,0,1,0,0,1,-.7857142857142857,134,1,0,0,-.067719564,.086188532
25,2017,1,0,1,0,1,0,0,1,0,0,0,1,0,0,0,0,.3089887640449438,266,1,0,0,.018941918,.061302934
25,2017,1,0,1,0,1,0,0,1,0,0,0,1,0,0,0,1,.2028795811518325,264,1,0,0,.012485402,.06154095
25,2017,1,0,1,0,1,0,0,1,0,0,0,1,0,0,0,1,.4283667621776504,262,1,0,0,.026455324,.061758582
25,2017,1,0,1,0,1,0,0,1,0,0,0,1,0,0,0,1,.9293078055964654,261,1,0,0,.057427779,.061796293
26,2017,1,0,1,0,1,0,0,0,0,1,0,1,0,0,0,1,.8846153846153847,550,1,0,0,.037693322,.042609841
26,2017,1,0,1,0,1,0,0,0,0,1,0,1,0,0,0,1,1,550,1,0,0,.042601433,.042601433
26,2017,1,0,1,0,1,0,0,0,0,1,0,1,0,0,0,1,.96,550,1,0,0,.040900286,.042604465
27,2017,1,0,1,0,0,1,0,1,0,0,0,1,0,0,0,0,2.102,227,1,0,0,.13817637,.06573566
28,2018,1,0,1,0,0,1,0,0,0,1,0,0,1,0,0,0,-.046,351,1,0,0,-.0024552909,.053375889
28,2018,1,0,1,0,0,1,0,0,0,1,0,0,1,0,0,0,-.8169999999999999,335,1,0,0,-.044593073,.054581486
28,2018,1,0,1,0,0,1,0,0,0,1,0,0,1,0,0,0,-.711,69,0,1,0,-.085282505,.11994726
28,2018,1,0,1,0,0,1,0,0,0,1,0,0,1,0,0,0,.047,283,1,0,0,.0027938492,.059443597
28,2018,1,0,1,0,0,1,0,0,0,1,0,0,1,0,0,0,-1.039,269,1,0,0,-.063222215,.0608491
28,2018,1,0,1,0,0,1,0,0,0,1,0,0,1,0,0,0,-1.845,46,0,1,0,-.26249146,.1422718
29,2018,1,0,1,1,0,0,0,0,0,0,1,0,1,0,0,0,-.8333333333333334,30,0,1,0,-.15041421,.18049705
29,2018,1,0,1,1,0,0,0,0,0,0,1,0,1,0,0,1,-1.846,26,0,1,0,-.34040901,.18440358
30,2018,1,0,1,0,1,0,1,0,0,1,0,0,0,1,1,1,1.080357142857143,753,1,0,0,.039339926,.036413815
30,2018,1,0,1,0,1,0,1,0,0,1,0,0,0,1,1,1,1.774193548387097,616,1,0,0,.071302347,.040188596
30,2018,1,0,1,0,1,0,1,0,0,1,0,0,0,1,1,1,.951219512195122,404,1,0,0,.047272034,.049696241
30,2018,1,0,1,0,1,0,1,0,0,1,0,0,0,1,1,1,1.191037735849057,297,1,0,0,.068946563,.057887804
30,2018,1,0,1,0,1,0,1,0,0,1,0,0,0,1,1,1,1.524390243902439,295,1,0,0,.088405922,.057994284
30,2018,1,0,1,0,1,0,1,0,0,1,0,0,0,1,1,1,1.042311661506708,295,1,0,0,.060574293,.058115337
30,2018,1,0,1,0,1,0,1,0,0,1,0,0,0,1,1,1,1.270648030495553,297,1,0,0,.073530883,.057868805
30,2018,1,0,1,0,1,0,1,0,0,1,0,0,0,1,1,1,1.157662624035281,297,1,0,0,.067023352,.057895407
30,2018,1,0,1,0,1,0,1,0,0,1,0,0,0,1,1,1,1.681034482758621,295,1,0,0,.097408175,.057945374
30,2018,1,0,1,0,1,0,1,0,0,1,0,0,0,1,1,1,1.391541609822647,295,1,0,0,.080754079,.058032099
30,2018,1,0,1,0,1,0,1,0,0,1,0,0,0,1,1,1,1.338582677165354,294,1,0,0,.077830911,.058144271
30,2018,1,0,1,0,1,0,1,0,0,1,0,0,0,1,1,1,1.331018518518519,297,1,0,0,.077004202,.057853594
30,2018,1,0,1,0,1,0,1,0,0,1,0,0,0,1,1,1,1.576104746317512,297,1,0,0,.091074795,.057784732
30,2018,1,0,1,0,1,0,1,0,0,1,0,0,0,1,1,1,1.168037602820212,297,1,0,0,.067621283,.057893068
30,2018,1,0,1,0,1,0,1,0,0,1,0,0,0,1,1,1,1,457,1,0,0,.046726931,.046726931
30,2018,1,0,1,0,1,0,1,0,0,1,0,0,0,1,1,1,.7910447761194029,373,1,0,0,.040924434,.05173466
30,2018,1,0,1,0,1,0,1,0,0,1,0,0,0,1,1,1,.696969696969697,264,1,0,0,.042856108,.061489202
30,2018,1,0,1,0,1,0,1,0,0,1,0,0,0,1,1,1,.229706390328152,182,1,0,0,.017024502,.074114189
30,2018,1,0,1,0,1,0,1,0,0,1,0,0,0,1,1,1,.7603485838779955,180,1,0,0,.056582242,.07441619
30,2018,1,0,1,0,1,0,1,0,0,1,0,0,0,1,1,1,.5517241379310345,182,1,0,0,.040862355,.074063018
30,2018,1,0,1,0,1,0,1,0,0,1,0,0,0,1,1,1,.5450901803607214,182,1,0,0,.040371832,.074064501
30,2018,1,0,1,0,1,0,1,0,0,1,0,0,0,1,1,1,.653448275862069,182,1,0,0,.048380088,.074038133
30,2018,1,0,1,0,1,0,1,0,0,1,0,0,0,1,1,1,.4702602230483271,182,1,0,0,.034836847,.074079938
30,2018,1,0,1,0,1,0,1,0,0,1,0,0,0,1,1,1,.2200263504611331,182,1,0,0,.01630727,.074115075
30,2018,1,0,1,0,1,0,1,0,0,1,0,0,0,1,1,1,.799154334038055,181,1,0,0,.059296153,.074198626
30,2018,1,0,1,0,1,0,1,0,0,1,0,0,0,1,1,1,.3696763202725724,182,1,0,0,.02739195,.074097119
30,2018,1,0,1,0,1,0,1,0,0,1,0,0,0,1,1,1,.5774647887323944,182,1,0,0,.042765379,.074057117
30,2018,1,0,1,0,1,0,1,0,0,1,0,0,0,1,1,1,.5054945054945055,182,1,0,0,.03744347,.07407295
31,2018,1,0,1,0,0,1,0,0,0,1,0,0,1,0,0,1,-.09,122,0,1,0,-.0081479466,.090532742
31,2018,1,0,1,0,0,1,0,0,0,1,0,0,1,0,0,1,.23,122,0,1,0,.020818708,.090516128
31,2018,1,0,1,0,0,1,0,0,0,1,0,0,1,0,0,1,.7,122,0,1,0,.063248135,.09035448
31,2018,1,0,1,0,0,1,0,0,0,1,0,0,1,0,0,1,1.2,122,0,1,0,.10800734,.090006121
31,2018,1,0,1,0,0,1,0,0,0,1,0,0,1,0,0,1,2.28,226,0,1,0,.14994861,.065766931
31,2018,1,0,1,0,0,1,0,0,0,1,0,0,1,0,0,1,2.2,226,0,1,0,.14479953,.065817967
31,2018,1,0,1,0,0,1,0,0,0,1,0,0,1,0,0,1,1.86,226,0,1,0,.1227891,.066015646
31,2018,1,0,1,0,0,1,0,0,0,1,0,0,1,0,0,1,2.1,226,0,1,0,.13834664,.065879352
31,2018,1,0,1,0,0,1,0,0,0,1,0,0,1,0,0,1,.77,210,0,0,1,.053060196,.068909347
31,2018,1,0,1,0,0,1,0,0,0,1,0,0,1,0,0,1,.73,210,0,0,1,.050310992,.068919167
31,2018,1,0,1,0,0,1,0,0,0,1,0,0,1,0,0,1,1.33,210,0,0,1,.091394603,.068717748
31,2018,1,0,1,0,0,1,0,0,0,1,0,0,1,0,0,1,1,210,0,0,1,.068842836,.068842836
32,2018,1,0,1,0,1,0,0,0,0,0,1,1,0,0,0,1,-.9160714285714285,126,0,0,1,-.081339709,.088791884
32,2018,1,0,1,0,1,0,0,0,0,0,1,1,0,0,0,1,-.0693570451436388,127,0,0,1,-.0061543258,.088733971
32,2018,1,0,1,0,1,0,0,0,0,0,1,1,0,0,0,1,-.7123966942148759,119,0,0,1,-.065166488,.091474995
32,2018,1,0,1,0,1,0,0,1,0,0,0,1,0,0,0,1,-.5117647058823529,119,0,0,1,-.046861853,.091569141
33,2018,1,0,1,1,0,0,0,0,0,0,1,1,0,0,0,1,2.1,119,1,0,0,.18903583,.090017058
33,2018,1,0,1,1,0,0,0,0,0,0,1,1,0,0,0,1,1.4,119,1,0,0,.12729377,.090924121
33,2018,1,0,1,1,0,0,0,0,0,0,1,1,0,0,0,1,1.9,119,1,0,0,.17158948,.090310253
33,2018,1,0,1,1,0,0,0,0,0,0,1,1,0,0,0,1,1.8,119,1,0,0,.16280429,.090446822
33,2018,1,0,1,1,0,0,0,0,0,0,1,1,0,0,0,1,1.3,97,1,0,0,.13085996,.10066151
33,2018,1,0,1,1,0,0,0,0,0,0,1,1,0,0,0,1,1.1,69,1,0,0,.13127838,.11934398
33,2018,1,0,1,1,0,0,0,0,0,0,1,1,0,0,0,1,.5,69,1,0,0,.060084175,.12016835
33,2018,1,0,1,1,0,0,0,0,0,0,1,1,0,0,0,1,1.2,69,1,0,0,.14297877,.11914898
33,2018,1,0,1,1,0,0,0,0,0,0,1,1,0,0,0,1,.5,69,1,0,0,.060084175,.12016835
33,2018,1,0,1,1,0,0,0,0,0,0,1,1,0,0,0,1,.2,50,1,0,0,.028272964,.14136483
33,2018,1,0,1,1,0,0,0,0,0,0,1,1,0,0,0,1,2.1,119,1,0,0,.18903583,.090017058
33,2018,1,0,1,1,0,0,0,0,0,0,1,1,0,0,0,1,1.2,69,1,0,0,.14297877,.11914898
33,2018,1,0,1,1,0,0,0,0,0,0,1,1,0,0,0,1,1.8,119,1,0,0,.16280429,.090446822
33,2018,1,0,1,1,0,0,0,0,0,0,1,1,0,0,0,1,.3,119,1,0,0,.027490562,.091635205
33,2018,1,0,1,1,0,0,0,0,0,0,1,1,0,0,0,1,.4,119,1,0,0,.036643315,.091608286
33,2018,1,0,1,1,0,0,0,0,0,0,1,1,0,0,0,1,1,119,1,0,0,.091287091,.091287091
33,2018,1,0,1,1,0,0,0,0,0,0,1,1,0,0,0,1,1,119,1,0,0,.091287091,.091287091
33,2018,1,0,1,1,0,0,0,0,0,0,1,1,0,0,0,1,.3,119,1,0,0,.027490562,.091635205
33,2018,1,0,1,1,0,0,0,0,0,0,1,1,0,0,0,1,1.8,69,1,0,0,.21177936,.1176552
33,2018,1,0,1,1,0,0,0,0,0,0,1,1,0,0,0,1,.3,69,1,0,0,.036092225,.12030742
33,2018,1,0,1,1,0,0,0,0,0,0,1,1,0,0,0,1,.5,69,1,0,0,.060084175,.12016835
33,2018,1,0,1,1,0,0,0,0,0,0,1,1,0,0,0,1,1.2,69,1,0,0,.14297877,.11914898
33,2018,1,0,1,1,0,0,0,0,0,0,1,1,0,0,0,1,.5,69,1,0,0,.060084175,.12016835
33,2018,1,0,1,1,0,0,0,0,0,0,1,1,0,0,0,1,1.1,69,1,0,0,.13127838,.11934398
34,2018,1,0,1,0,1,0,0,0,0,1,0,0,1,0,0,1,1.633484162895927,456,1,0,0,.076272078,.046692878
34,2018,1,0,1,0,1,0,0,0,0,1,0,0,1,0,0,1,1.723981900452489,455,1,0,0,.080558836,.046728354
34,2018,1,0,1,0,1,0,0,0,0,1,0,0,1,0,0,1,1.608490566037736,454,1,0,0,.075276017,.046799164
34,2018,1,0,1,0,1,0,0,0,0,1,0,0,1,0,0,1,2.991304347826087,376,1,0,0,.15246131,.050968166
34,2018,1,0,1,0,1,0,0,0,0,1,0,0,1,0,0,1,2.965811965811966,375,1,0,0,.15138867,.051044594
34,2018,1,0,1,0,1,0,0,0,0,1,0,0,1,0,0,1,2.738738738738739,374,1,0,0,.14021774,.051197924
35,2018,1,0,1,0,1,0,0,0,0,1,0,1,0,0,0,1,.5,27,1,0,0,.09578263,.19156526
35,2018,1,0,1,0,1,0,0,0,0,1,0,1,0,0,0,1,.0879310344827586,39,1,0,0,.014078839,.16011228
35,2018,1,0,1,0,0,1,0,0,0,1,0,1,0,0,0,1,.8491596638655462,27,1,0,0,.16128142,.18993062
36,2018,1,0,1,0,1,0,0,0,0,1,0,1,0,0,0,1,.5714285714285714,200,0,1,0,.040373158,.070653029
36,2018,1,0,1,0,1,0,0,0,0,1,0,1,0,0,0,1,.5714285714285714,201,0,1,0,.040272765,.070477337
36,2018,1,0,1,0,1,0,0,0,0,1,0,1,0,0,0,1,1.727272727272727,200,0,1,0,.12123571,.070189096
36,2018,1,0,1,0,1,0,0,0,0,1,0,1,0,0,0,1,1.818181818181818,201,0,1,0,.12720288,.069961593
36,2018,1,0,1,0,1,0,0,0,0,1,0,1,0,0,0,1,.6428571428571428,198,0,1,0,.045638263,.070992857
36,2018,1,0,1,0,1,0,0,0,0,1,0,1,0,0,0,1,.5714285714285714,199,0,1,0,.040474303,.070830032
36,2018,1,0,1,0,1,0,0,0,0,1,0,1,0,0,0,1,1.818181818181818,198,0,1,0,.12814721,.070480973
36,2018,1,0,1,0,1,0,0,0,0,1,0,1,0,0,0,1,1.666666666666667,199,0,1,0,.11733081,.070398487
36,2018,1,0,1,0,1,0,0,0,0,1,0,1,0,0,0,1,2.454545454545455,185,0,1,0,.17759316,.072352767
36,2018,1,0,1,0,1,0,0,0,0,1,0,1,0,0,0,1,2.272727272727273,186,0,1,0,.16437766,.072326176
37,2018,1,0,1,0,1,0,0,1,0,0,0,1,0,0,0,0,-2.846153846153846,187,1,0,0,-.20376477,.071593024
37,2018,1,0,1,0,1,0,0,1,0,0,0,1,0,0,0,1,-4.5,174,1,0,0,-.3228732,.071749598
37,2018,1,0,1,0,1,0,0,0,0,0,1,1,0,0,0,0,-5.777777777777778,187,1,0,0,-.38919932,.067361422
37,2018,1,0,1,0,1,0,0,0,0,0,1,1,0,0,0,1,-5.899999999999999,174,1,0,0,-.40829715,.069202907
37,2018,1,0,1,0,1,0,0,1,0,0,0,1,0,0,0,1,-3.555555555555556,173,1,0,0,-.26095727,.073394231
37,2018,1,0,1,0,1,0,0,1,0,0,0,1,0,0,0,1,-2.444444444444445,173,1,0,0,-.18271896,.074748665
37,2018,1,0,1,0,1,0,0,1,0,0,0,1,0,0,0,1,-4.5,171,1,0,0,-.32539567,.07231015
37,2018,1,0,1,0,1,0,0,0,0,0,1,1,0,0,0,1,-5.444444444444445,173,1,0,0,-.3824625,.070248216
37,2018,1,0,1,0,1,0,0,0,0,0,1,1,0,0,0,1,-4.111111111111112,173,1,0,0,-.29832891,.072566487
37,2018,1,0,1,0,1,0,0,0,0,0,1,1,0,0,0,1,-4.3,167,1,0,0,-.31572443,.073424287
37,2018,1,0,1,0,1,0,0,1,0,0,0,1,0,0,0,1,-3.888888888888889,174,1,0,0,-.2827827,.072715551
37,2018,1,0,1,0,1,0,0,1,0,0,0,1,0,0,0,1,-3.222222222222222,173,1,0,0,-.23794484,.073844947
37,2018,1,0,1,0,1,0,0,1,0,0,0,1,0,0,0,1,-3.4,158,1,0,0,-.26110622,.076795943
37,2018,1,0,1,0,1,0,0,1,0,0,0,1,0,0,0,1,-2.076923076923077,137,1,0,0,-.17471428,.084121697
37,2018,1,0,1,0,1,0,0,1,0,0,0,1,0,0,0,1,-3.4,158,1,0,0,-.26110622,.076795943
37,2018,1,0,1,0,1,0,0,1,0,0,0,1,0,0,0,1,-2.8,140,1,0,0,-.2302831,.082243964
37,2018,1,0,1,0,1,0,0,1,0,0,0,1,0,0,0,1,-4.5,173,1,0,0,-.32370749,.071934998
37,2018,1,0,1,0,1,0,0,1,0,0,0,1,0,0,0,1,-1.8125,133,1,0,0,-.15525791,.085659534
38,2018,1,0,1,0,0,0,0,1,0,0,0,1,0,0,0,1,-3.208077,124,0,0,1,-.27683443,.086292952
39,2018,1,0,1,0,1,0,0,0,0,1,0,1,0,0,0,1,1.5,214,1,0,0,.10200306,.068002038
39,2018,1,0,1,0,1,0,0,0,0,1,0,1,0,0,0,1,1.5,213,1,0,0,.10223973,.068159819
39,2018,1,0,1,0,1,0,0,0,0,1,0,1,0,0,0,1,.5,213,1,0,0,.034239348,.068478696
39,2018,1,0,1,0,1,0,0,0,0,1,0,1,0,0,0,1,1,213,1,0,0,.068358593,.068358593
39,2018,1,0,1,0,1,0,0,0,0,1,0,1,0,0,0,1,.5,213,1,0,0,.034239348,.068478696
39,2018,1,0,1,0,1,0,0,0,1,0,0,1,0,0,0,1,-1,214,1,0,0,-.068199433,.068199433
39,2018,1,0,1,0,1,0,0,0,1,0,0,1,0,0,0,1,-1,213,1,0,0,-.068358593,.068358593
39,2018,1,0,1,0,1,0,0,0,1,0,0,1,0,0,0,1,-.4,213,1,0,0,-.02739726,.06849315
39,2018,1,0,1,0,1,0,0,0,1,0,0,1,0,0,0,1,-.8,213,1,0,0,-.05473293,.068416163
39,2018,1,0,1,0,1,0,0,0,1,0,0,1,0,0,0,1,-.8,213,1,0,0,-.05473293,.068416163
39,2018,1,0,1,0,1,0,0,0,0,1,0,1,0,0,0,1,2,215,1,0,0,.13514748,.067573741
39,2018,1,0,1,0,1,0,0,0,0,1,0,1,0,0,0,1,2,215,1,0,0,.13514748,.067573741
39,2018,1,0,1,0,1,0,0,0,0,1,0,1,0,0,0,1,1,213,1,0,0,.068358593,.068358593
39,2018,1,0,1,0,1,0,0,0,0,1,0,1,0,0,0,1,0,213,1,0,0,0,.06851887
39,2018,1,0,1,0,1,0,0,0,0,1,0,1,0,0,0,1,1,211,1,0,0,.068680279,.068680279
39,2018,1,0,1,0,1,0,0,0,0,1,0,1,0,0,0,1,1,211,1,0,0,.068680279,.068680279
39,2018,1,0,1,0,1,0,0,0,1,0,0,1,0,0,0,1,-1.25,215,1,0,0,-.084941201,.067952961
39,2018,1,0,1,0,1,0,0,0,1,0,0,1,0,0,0,1,-1.5,215,1,0,0,-.10176803,.067845352
39,2018,1,0,1,0,1,0,0,0,1,0,0,1,0,0,0,1,-.8,213,1,0,0,-.05473293,.068416163
39,2018,1,0,1,0,1,0,0,0,1,0,0,1,0,0,0,1,-.8,213,1,0,0,-.05473293,.068416163
39,2018,1,0,1,0,1,0,0,0,1,0,0,1,0,0,0,1,-.75,211,1,0,0,-.051563445,.068751261
39,2018,1,0,1,0,1,0,0,0,1,0,0,1,0,0,0,1,-.75,211,1,0,0,-.051563445,.068751261
39,2018,1,0,1,0,1,0,0,0,0,1,0,1,0,0,0,1,1,214,1,0,0,.068199433,.068199433
39,2018,1,0,1,0,1,0,0,0,0,1,0,1,0,0,0,1,2,214,1,0,0,.1354571,.067728549
39,2018,1,0,1,0,1,0,0,0,0,1,0,1,0,0,0,1,2,214,1,0,0,.1354571,.067728549
39,2018,1,0,1,0,1,0,0,0,0,1,0,1,0,0,0,1,1,214,1,0,0,.068199433,.068199433
39,2018,1,0,1,0,1,0,0,0,0,1,0,1,0,0,0,1,2,214,1,0,0,.1354571,.067728549
39,2018,1,0,1,0,1,0,0,0,0,1,0,1,0,0,0,1,2,214,1,0,0,.1354571,.067728549
39,2018,1,0,1,0,1,0,0,0,1,0,0,1,0,0,0,1,-1,214,1,0,0,-.068199433,.068199433
39,2018,1,0,1,0,1,0,0,0,1,0,0,1,0,0,0,1,-1.25,214,1,0,0,-.085137993,.068110391
39,2018,1,0,1,0,1,0,0,0,1,0,0,1,0,0,0,1,-1,214,1,0,0,-.068199433,.068199433
39,2018,1,0,1,0,1,0,0,0,1,0,0,1,0,0,0,1,-1,214,1,0,0,-.068199433,.068199433
39,2018,1,0,1,0,1,0,0,0,1,0,0,1,0,0,0,1,-1,214,1,0,0,-.068199433,.068199433
39,2018,1,0,1,0,1,0,0,0,1,0,0,1,0,0,0,1,-1.2,214,1,0,0,-.081755705,.068129756
40,2018,1,0,1,0,0,1,0,0,1,0,0,1,0,0,0,1,-.5323493234932349,161,1,0,0,-.041918129,.078741767
40,2018,1,0,1,0,0,1,0,0,1,0,0,1,0,0,0,1,-.7852998065764023,157,1,0,0,-.062551014,.079652406
40,2018,1,0,1,0,0,1,0,0,0,1,0,1,0,0,0,1,-2.73068729678215,93,1,0,0,-.27244738,.099772453
40,2018,1,0,1,0,0,1,0,0,0,1,0,1,0,0,0,1,-2.922286230656275,92,1,0,0,-.29144314,.099731207
41,2019,1,0,1,0,0,1,1,0,0,1,0,1,0,0,1,1,1.43,64,1,0,0,.17596099,.12304964
41,2019,1,0,1,0,0,1,1,0,0,1,0,1,0,0,1,1,2.21,64,1,0,0,.26627645,.12048709
42,2019,1,0,1,0,1,0,0,0,0,1,0,1,0,0,0,1,.087041564792176,527,1,0,0,.0037915627,.043560371
42,2019,1,0,1,0,1,0,0,0,0,1,0,1,0,0,0,1,.0602230483271375,526,1,0,0,.0026258407,.043601923
42,2019,1,0,1,0,1,0,0,0,0,1,0,1,0,0,0,1,.0858560794044665,526,1,0,0,.0037434767,.043601766
42,2019,1,0,1,0,1,0,0,0,0,1,0,1,0,0,0,1,.0587202007528231,525,1,0,0,.0025627513,.043643434
42,2019,1,0,1,0,1,0,1,0,0,1,0,1,0,0,1,1,1.304347826086957,454,1,0,0,.061101697,.046844635
42,2019,1,0,1,0,1,0,1,0,0,1,0,1,0,0,1,1,1.161290322580645,443,1,0,0,.055090778,.047439281
42,2019,1,0,1,0,1,0,1,0,0,1,0,1,0,0,1,1,.8068376068376067,443,1,0,0,.038305875,.047476564
42,2019,1,0,1,0,1,0,1,0,0,1,0,1,0,0,1,1,.9387755102040816,428,1,0,0,.045330781,.048287135
42,2019,1,0,1,0,1,0,0,0,0,1,0,1,0,0,0,1,.065179677819083,525,1,0,0,.0028446629,.0436434
42,2019,1,0,1,0,1,0,1,0,0,1,0,1,0,0,1,1,1.446428571428571,442,1,0,0,.068637341,.047452975
42,2019,1,0,1,0,1,0,1,0,0,1,0,1,0,0,1,1,-.5888888888888889,441,1,0,0,-.028031308,.047600336
42,2019,1,0,1,0,1,0,1,0,0,1,0,1,0,0,1,1,1.00625,441,1,0,0,.047861751,.047564473
42,2019,1,0,1,0,1,0,1,0,0,1,0,1,0,0,1,1,-.3154471544715447,426,1,0,0,-.01528168,.048444502
42,2019,1,0,1,0,1,0,1,0,0,1,0,1,0,0,1,1,-.5704347826086956,427,1,0,0,-.027594762,.048374962
42,2019,1,0,1,0,1,0,1,0,0,1,0,1,0,0,1,1,.8186813186813187,438,1,0,0,.039088212,.047745332
42,2019,1,0,1,0,1,0,1,0,0,1,0,1,0,0,1,1,-.6260504201680672,438,1,0,0,-.029900471,.047760483
42,2019,1,0,1,0,1,0,1,0,0,1,0,1,0,0,1,1,.825,442,1,0,0,.039211068,.047528569
42,2019,1,0,1,0,1,0,1,0,0,1,0,1,0,0,1,1,1.093023255813953,442,1,0,0,.051919695,.047500998
42,2019,1,0,1,0,1,0,1,0,0,1,0,1,0,0,1,1,-.0821428571428571,386,1,0,0,-.004180925,.050898217
42,2019,1,0,1,0,1,0,1,0,0,1,0,1,0,0,0,1,.2446657183499289,485,1,0,0,.011109012,.045404859
42,2019,1,0,1,0,1,0,1,0,0,1,0,1,0,0,0,1,.2723463687150838,483,1,0,0,.012391238,.045498081
42,2019,1,0,1,0,1,0,1,0,0,1,0,1,0,0,0,1,.5035561877667141,481,1,0,0,.022954136,.04558406
42,2019,1,0,1,0,1,0,1,0,0,1,0,1,0,0,0,1,.3342736248236953,483,1,0,0,.015208217,.045496315
42,2019,1,0,1,0,1,0,1,1,0,0,0,1,0,0,0,1,-1.46524064171123,190,1,0,0,-.1057042,.072141185
42,2019,1,0,1,0,1,0,1,1,0,0,0,1,0,0,0,1,-1.552631578947368,188,1,0,0,-.1125182,.072469346
42,2019,1,0,1,0,1,0,1,1,0,0,0,1,0,0,0,1,-1.527173913043478,186,1,0,0,-.11128231,.072868131
42,2019,1,0,1,0,1,0,1,1,0,0,0,1,0,0,0,1,-1.563157894736842,188,1,0,0,-.11327128,.07246311
43,2019,1,0,1,0,1,0,0,0,0,1,0,1,0,0,0,1,.8828828828828827,157,1,0,0,.070287459,.079611301
43,2019,1,0,1,0,1,0,0,0,0,1,0,1,0,0,0,1,.7857142857142857,156,1,0,0,.062783383,.079906128
43,2019,1,0,1,0,1,0,0,0,0,1,0,1,0,0,0,1,.929203539823009,155,1,0,0,.074428409,.080099151
43,2019,1,0,1,0,1,0,0,0,0,1,0,1,0,0,0,1,.8660714285714285,156,1,0,0,.069175102,.079872288
43,2019,1,0,1,0,1,0,0,0,0,1,0,1,0,0,0,1,.990990990990991,155,1,0,0,.079347342,.080068678
43,2019,1,0,1,0,1,0,0,0,0,1,0,1,0,0,0,1,.8392857142857142,156,1,0,0,.067045435,.079883926
43,2019,1,0,1,0,1,0,0,0,0,1,0,1,0,0,0,1,.7699115044247788,155,1,0,0,.061722871,.080168784
43,2019,1,0,1,0,1,0,0,0,0,1,0,1,0,0,0,1,.9557522123893807,153,1,0,0,.077038355,.080604948
43,2019,1,0,1,0,1,0,0,0,0,1,0,1,0,0,0,1,1.054054054054054,156,1,0,0,.084092945,.079780482
43,2019,1,0,1,0,1,0,0,0,0,1,0,1,0,0,0,1,1.144144144144144,155,1,0,0,.091514237,.079984881
43,2019,1,0,1,0,1,0,0,0,0,1,0,1,0,0,0,1,1.035714285714286,156,1,0,0,.082639866,.079790212
43,2019,1,0,1,0,1,0,0,0,0,1,0,1,0,0,0,1,1.0625,155,1,0,0,.085032955,.080031015
43,2019,1,0,1,0,1,0,0,0,0,1,0,1,0,0,0,1,1.241071428571428,153,1,0,0,.099833421,.080441318
44,2020,1,0,1,0,0,0,0,0,0,1,0,1,0,0,0,1,-.0000273273273273,253,0,1,0,-1.7180544e-06,.062869459
44,2020,1,0,1,0,0,0,0,0,0,1,0,1,0,0,0,1,.207158889545186,253,0,1,0,.013022863,.062864132
44,2020,1,0,1,0,0,0,0,0,0,1,0,1,0,0,0,1,-.28227309893704,253,0,1,0,-.017743563,.062859565
44,2020,1,0,1,0,0,0,0,0,0,1,0,1,0,0,0,1,-.0557235596429538,253,0,1,0,-.0035032886,.062869072
44,2020,1,0,1,0,0,0,0,0,0,1,0,1,0,0,0,1,-.1734921524663677,253,0,1,0,-.010906709,.062865719
44,2020,1,0,1,0,0,0,0,0,0,1,0,1,0,0,0,1,.1999832402234637,253,0,1,0,.012571845,.06286449
44,2020,1,0,1,0,0,0,0,0,0,1,0,1,0,0,0,1,-1.314942307692308,253,0,1,0,-.082388662,.062655725
44,2020,1,0,1,0,0,0,0,0,0,1,0,1,0,0,0,1,-2.105853350189633,253,0,1,0,-.13124859,.062325608
44,2020,1,0,1,0,0,0,0,0,0,1,0,1,0,0,0,1,-89.42333333333335,253,0,1,0,-.98454636,.01100996
44,2020,1,0,1,0,0,0,0,0,0,1,0,1,0,0,0,1,-5.817124600638977,253,0,1,0,-.34347039,.059044704
44,2020,1,0,1,0,0,0,0,0,0,1,0,1,0,0,0,1,-3.602443991853361,253,0,1,0,-.22088932,.061316516
44,2020,1,0,1,0,0,0,0,0,0,1,0,1,0,0,0,1,-15.22493150684932,253,0,1,0,-.69147217,.045417093
44,2020,1,0,1,0,0,0,0,0,0,1,0,1,0,0,0,1,-1.243218181818182,253,0,1,0,-.077922799,.0626783
44,2020,1,0,1,0,0,0,0,0,0,1,0,1,0,0,0,1,-1.971278106508876,253,0,1,0,-.12299225,.062392134
44,2020,1,0,1,0,0,0,0,0,0,1,0,1,0,0,0,1,-71.53866666666667,253,0,1,0,-.97616249,.013645249
44,2020,1,0,1,0,0,0,0,0,0,1,0,1,0,0,0,1,-5.2471469740634,253,0,1,0,-.31327924,.05970468
44,2020,1,0,1,0,0,0,0,0,0,1,0,1,0,0,0,1,-3.312359550561798,253,0,1,0,-.20387256,.061549041
44,2020,1,0,1,0,0,0,0,0,0,1,0,1,0,0,0,1,-13.31041916167665,253,0,1,0,-.64176059,.048214909
45,2020,1,0,1,0,1,0,0,1,0,0,0,1,0,0,0,1,.8620689655172414,516,1,0,0,.037923172,.043990877
45,2020,1,0,1,0,1,0,1,1,0,0,0,1,0,0,0,1,1.377952755905512,516,1,0,0,.060549688,.043941773
46,2020,1,0,1,0,1,0,0,0,0,1,0,1,0,0,0,1,-1.333333333333333,243,1,0,0,-.0852222,.063916653
46,2020,1,0,1,0,1,0,0,0,0,1,0,1,0,0,0,1,-1.333333333333333,242,1,0,0,-.085396819,.064047612
46,2020,1,0,1,0,1,0,0,0,0,1,0,1,0,0,0,1,-1,242,1,0,0,-.064150028,.064150028
46,2020,1,0,1,0,1,0,0,0,0,1,0,1,0,0,0,1,-1,242,1,0,0,-.064150028,.064150028
46,2020,1,0,1,0,1,0,0,0,0,1,0,1,0,0,0,1,-.6666666666666667,240,1,0,0,-.042993359,.064490035
46,2020,1,0,1,0,1,0,0,0,1,0,0,1,0,0,0,1,1.684705882352941,243,1,0,0,.10744826,.063778646
46,2020,1,0,1,0,1,0,0,0,1,0,0,1,0,0,0,1,1.709523809523809,242,1,0,0,.10923476,.063897766
46,2020,1,0,1,0,1,0,0,0,1,0,0,1,0,0,0,1,1.548463356973995,242,1,0,0,.099049509,.063966326
46,2020,1,0,1,0,1,0,0,0,1,0,0,1,0,0,0,1,1.280871670702179,242,1,0,0,.08205986,.064065635
46,2020,1,0,1,0,1,0,0,0,1,0,0,1,0,0,0,1,1.057356608478803,240,1,0,0,.068093657,.064399898
47,2020,0,1,1,0,1,0,0,0,0,1,0,0,1,0,0,1,.8500000000000001,1174,1,0,0,.024799976,.029176444
